cbb3cb,82.161.179.99,GET,http://programma.greatwideopen.nl/beheer/clearcache,1436988764,
32ea5a,82.161.179.99,GET,http://programma.greatwideopen.nl/thumbs/240x240/2015-06/andyshauf-2015-bw1.jpg,1436988768,
6f73f5,82.161.179.99,GET,http://programma.greatwideopen.nl/thumbs/240x240/2015-05/wand-meghan-tryon1.jpeg,1436988774,
f401c6,82.161.179.99,GET,http://programma.greatwideopen.nl/thumbs/240x240/2015-04/zzz_irisvanvliet.jpg,1436988774,
fb1f35,82.161.179.99,GET,http://programma.greatwideopen.nl/thumbs/240x240/2015-06/zeegras.jpg,1436988775,
e65dd2,82.161.179.99,GET,http://programma.greatwideopen.nl/thumbs/240x240/2015-06/wind-2.jpg,1436988775,
3ec0a6,82.161.179.99,GET,http://programma.greatwideopen.nl/thumbs/240x240/2015-04/awa_new_image_2015.jpg,1436988775,
562838,82.161.179.99,GET,http://programma.greatwideopen.nl/thumbs/240x240/2015-05/vieze-vingers.jpg,1436988776,
3840b6,82.161.179.99,GET,http://programma.greatwideopen.nl/thumbs/240x240/2015-05/vlielab-promo.jpeg,1436988777,
db5c27,82.161.179.99,GET,http://programma.greatwideopen.nl/thumbs/240x240/2015-04/alamo_dirk_wolf_.jpg,1436988777,
26eb7e,82.161.179.99,GET,http://programma.greatwideopen.nl/thumbs/240x240/2015-05/artificialgarden.jpg,1436988777,
82f459,82.161.179.99,GET,http://programma.greatwideopen.nl/thumbs/240x240/2015-06/atlantic.-still01.jpg,1436988777,
1552af,82.161.179.99,GET,http://programma.greatwideopen.nl/thumbs/240x240/2015-04/vv-et-am-band-by-gabriela-gonzales-lores.jpg,1436988778,
6cd6fb,82.161.179.99,GET,http://programma.greatwideopen.nl/thumbs/240x240/2015-06/moon-street-still02.jpg,1436988778,
cdbfb9,82.161.179.99,GET,http://programma.greatwideopen.nl/thumbs/240x240/2015-06/american-interior-7.jpg,1436988778,
dc3e77,82.161.179.99,GET,http://programma.greatwideopen.nl/thumbs/240x240/2015-05/torres-foto-by-shawn-brackbill.jpg,1436988778,
a8f7bf,82.161.179.99,GET,http://programma.greatwideopen.nl/thumbs/240x240/2015-04/thedeslondes_elenaricci_300dpi.jpg,1436988779,
6efa92,82.161.179.99,GET,http://programma.greatwideopen.nl/thumbs/240x240/2015-04/undertones_col_highres.jpg,1436988779,
021d5e,82.161.179.99,GET,http://programma.greatwideopen.nl/thumbs/240x240/2015-06/michelle-david-fc-preview.jpg,1436988779,
b4f3a0,82.161.179.99,GET,http://programma.greatwideopen.nl/thumbs/240x240/2015-04/touristlemc.jpg,1436988779,
1f7b79,82.161.179.99,GET,http://programma.greatwideopen.nl/thumbs/240x240/2015-04/stuff_2014_alexanderpopelier.jpg,1436988780,
d33669,82.161.179.99,GET,http://programma.greatwideopen.nl/thumbs/240x240/2015-06/theafterveins-press.jpg,1436988781,
c275bd,82.161.179.99,GET,http://programma.greatwideopen.nl/thumbs/240x240/2015-05/tang-promo1press-2.jpg,1436988781,
97b830,82.161.179.99,GET,http://programma.greatwideopen.nl/thumbs/240x240/2015-06/starfishing-kopie.jpg,1436988782,
188075,82.161.179.99,GET,http://programma.greatwideopen.nl/thumbs/240x240/2015-04/sonnyandthesunsets_high_res.jpg,1436988782,
3fb205,82.161.179.99,GET,http://programma.greatwideopen.nl/thumbs/240x240/2015-05/taxiwars-kris-dewitte-10-0152.jpg,1436988782,
c4a641,82.161.179.99,GET,http://programma.greatwideopen.nl/thumbs/240x240/2015-06/gravediggers.jpg,1436988782,
b801bc,82.161.179.99,GET,http://programma.greatwideopen.nl/thumbs/240x240/2015-04/ryleywalker-press-12copy.jpg,1436988783,
538861,82.161.179.99,GET,http://programma.greatwideopen.nl/thumbs/240x240/2013-08/stout_konijn_logo_1.jpg,1436988783,
bc8175,82.161.179.99,GET,http://programma.greatwideopen.nl/thumbs/240x240/2015-06/image002.jpg,1436988783,
56b0a5,82.161.179.99,GET,http://programma.greatwideopen.nl/thumbs/240x240/2015-05/persfoto-pauw-2015.jpg,1436988783,
0187d5,82.161.179.99,GET,http://programma.greatwideopen.nl/thumbs/240x240/2015-04/son_lux_press_shot_2015.jpg,1436988784,
d45b64,82.161.179.99,GET,http://programma.greatwideopen.nl/thumbs/240x240/2015-04/patrick-watson.jpg,1436988784,
ad3990,82.161.179.99,GET,http://programma.greatwideopen.nl/thumbs/240x240/2015-05/open.jpeg,1436988785,
fc2c70,82.161.179.99,GET,http://programma.greatwideopen.nl/thumbs/240x240/2015-04/oddisee-ilu-0068-web.jpg,1436988785,
858043,82.161.179.99,GET,http://programma.greatwideopen.nl/thumbs/240x240/2015-06/new-kids-on-the-blog.png,1436988786,
affdd0,82.161.179.99,GET,http://programma.greatwideopen.nl/thumbs/240x240/2015-05/naturalphenomena.jpeg,1436988787,
dbdea1,82.161.179.99,GET,http://programma.greatwideopen.nl/thumbs/240x240/2015-04/img-0661.jpg,1436988789,
a3c947,82.161.179.99,GET,http://programma.greatwideopen.nl/thumbs/240x240/2015-06/oscar-new-press-2015.jpg,1436988789,
dc83ee,82.161.179.99,GET,http://programma.greatwideopen.nl/thumbs/240x240/2015-06/my-baby-press-xxs.jpg,1436988789,
c8592b,82.161.179.99,GET,http://programma.greatwideopen.nl/thumbs/240x240/2015-04/polar-bear-by-jacek-zmarz-11.jpg,1436988789,
f3c8e6,82.161.179.99,GET,http://programma.greatwideopen.nl/thumbs/240x240/2015-05/magischebeestjes-beeld.jpg,1436988791,
c36090,82.161.179.99,GET,http://programma.greatwideopen.nl/thumbs/240x240/2015-05/los-piranas.jpg,1436988791,
2db060,82.161.179.99,GET,http://programma.greatwideopen.nl/thumbs/240x240/2015-04/ought_brett_davis.jpg,1436988791,
b71362,82.161.179.99,GET,http://programma.greatwideopen.nl/thumbs/240x240/2015-06/oscar-and-the-wolf-photo-by-marie-wynants.jpg,1436988791,
7b11c3,82.161.179.99,GET,http://programma.greatwideopen.nl/thumbs/240x240/2015-05/maartenvos-press1-preview.jpg,1436988792,
14907f,82.161.179.99,GET,http://programma.greatwideopen.nl/thumbs/240x240/2015-06/lights-of-wild.jpg,1436988792,
f91441,82.161.179.99,GET,http://programma.greatwideopen.nl/thumbs/240x240/2015-04/la-sra-tomasa.jpg,1436988792,
cc61de,82.161.179.99,GET,http://programma.greatwideopen.nl/thumbs/240x240/2015-04/332-990-660-crop-imagetool-1280-640-0-123.jpg,1436988792,
4bef91,82.161.179.99,GET,http://programma.greatwideopen.nl/thumbs/240x240/2015-04/kennyb.jpg,1436988793,
338f0a,82.161.179.99,GET,http://programma.greatwideopen.nl/thumbs/240x240/2015-05/jcc-2.jpg,1436988793,
2811ff,82.161.179.99,GET,http://programma.greatwideopen.nl/thumbs/240x240/2015-07/jackgarratt.jpg,1436988793,
9550b1,82.161.179.99,GET,http://programma.greatwideopen.nl/thumbs/240x240/2015-06/leonbridges-london-sbe-rgb.jpg,1436988794,
d9567a,82.161.179.99,GET,http://programma.greatwideopen.nl/thumbs/240x240/2015-05/kevinmorby.jpeg,1436988794,
5c3435,82.161.179.99,GET,http://programma.greatwideopen.nl/thumbs/240x240/2015-05/jacco-gardner.jpg,1436988794,
67e05e,82.161.179.99,GET,http://programma.greatwideopen.nl/thumbs/240x240/2015-05/jake-isaac.jpg,1436988795,
6dbe73,82.161.179.99,GET,http://programma.greatwideopen.nl/thumbs/240x240/2015-04/kapok-jump-uitsnede.jpg,1436988795,
b58f38,82.161.179.99,GET,http://programma.greatwideopen.nl/thumbs/240x240/2015-05/antal-hunee.jpg,1436988795,
70864f,82.161.179.99,GET,http://programma.greatwideopen.nl/thumbs/240x240/2015-06/girlband.jpg,1436988796,
b7f5f9,82.161.179.99,GET,http://programma.greatwideopen.nl/thumbs/240x240/2015-04/intergalactic_lovers_2014_hi_res.jpg,1436988796,
2d81d2,82.161.179.99,GET,http://programma.greatwideopen.nl/thumbs/240x240/2015-06/h-los.png,1436988796,
15888a,82.161.179.99,GET,http://programma.greatwideopen.nl/thumbs/240x240/2015-06/austintoboston2.jpg,1436988796,
e93e35,82.161.179.99,GET,http://programma.greatwideopen.nl/thumbs/240x240/2015-05/gabriel-rios-foto-michael-sewandono-studio.jpg,1436988797,
a2405f,82.161.179.99,GET,http://programma.greatwideopen.nl/thumbs/240x240/2015-06/fresku1.jpg,1436988797,
8d2781,82.161.179.99,GET,http://programma.greatwideopen.nl/thumbs/240x240/2015-06/forest-grid-promo-image.jpg,1436988798,
fe4963,82.161.179.99,GET,http://programma.greatwideopen.nl/thumbs/240x240/2015-04/gallowstreet.jpg,1436988798,
4dc477,82.161.179.99,GET,http://programma.greatwideopen.nl/thumbs/240x240/2015-05/1432225114_md-boots-40.jpeg,1436988798,
a5aa3a,82.161.179.99,GET,http://programma.greatwideopen.nl/thumbs/240x240/2015-06/elias.jpeg,1436988798,
87ea2f,82.161.179.99,GET,http://programma.greatwideopen.nl/thumbs/240x240/2015-05/ewert-and-the-two-dragons-by-mart-vares.jpg,1436988799,
0c35b5,82.161.179.99,GET,http://programma.greatwideopen.nl/thumbs/240x240/2015-06/gloei.jpg,1436988799,
66c3d7,82.161.179.99,GET,http://programma.greatwideopen.nl/thumbs/240x240/2015-05/drinks-2-cara-robbins-.jpg,1436988800,
32fe38,82.161.179.99,GET,http://programma.greatwideopen.nl/thumbs/240x240/2015-06/don-t-think-i-ve-forgotten-cambodia-s-lost-rock-and-roll-still01.jpg,1436988800,
a1edfb,82.161.179.99,GET,http://programma.greatwideopen.nl/thumbs/240x240/2015-05/dorian-concept.jpg,1436988800,
5bb4f0,82.161.179.99,GET,http://programma.greatwideopen.nl/thumbs/240x240/2015-04/frazey_ford_press_photo_1.jpg,1436988800,
26b27c,82.161.179.99,GET,http://programma.greatwideopen.nl/thumbs/240x240/2015-06/kolderkrant.jpg,1436988801,
c0b137,82.161.179.99,GET,http://programma.greatwideopen.nl/thumbs/240x240/2015-06/aardappelplaatje.jpg,1436988801,
6b46f9,82.161.179.99,GET,http://programma.greatwideopen.nl/thumbs/240x240/2015-07/dazzledsticks-irfaner-topbillin.jpeg,1436988801,
2a46f9,82.161.179.99,GET,http://programma.greatwideopen.nl/thumbs/240x240/2015-04/die-nerven-6.jpg,1436988801,
defe2c,82.161.179.99,GET,http://programma.greatwideopen.nl/thumbs/240x240/2015-04/curtisharding_byhedislimane.jpg,1436988802,
b4c1a2,82.161.179.99,GET,http://programma.greatwideopen.nl/thumbs/240x240/2015-06/crumbs-still01.jpg,1436988802,
0d12c3,82.161.179.99,GET,http://programma.greatwideopen.nl/thumbs/240x240/2015-05/de-staat-door-isabelle-renate-la-poutr-2h.jpg,1436988802,
de5f93,82.161.179.99,GET,http://programma.greatwideopen.nl/thumbs/240x240/2015-06/winkel-van-kluit.jpg,1436988802,
a22a3a,82.161.179.99,GET,http://programma.greatwideopen.nl/thumbs/240x240/2015-05/borduur-scouting.jpg,1436988803,
b622b4,82.161.179.99,GET,http://programma.greatwideopen.nl/thumbs/240x240/2015-06/1435155579_vampyr31.jpg,1436988803,
11c648,82.161.179.99,GET,http://programma.greatwideopen.nl/thumbs/240x240/2015-06/daniel-maalman-brainforest-rgb-illustratie-door-ruben-maalman-kopie.jpg,1436988804,
f74f25,82.161.179.99,GET,http://programma.greatwideopen.nl/thumbs/240x240/2015-05/con-brio-press-photo-ziek-lo-res.jpg,1436988804,
c4d841,82.161.179.99,GET,http://programma.greatwideopen.nl/thumbs/240x240/2015-07/bewilder-2015b-credit-remco-brinkhuis-lowres.jpg,1436988804,
44f967,82.161.179.99,GET,http://programma.greatwideopen.nl/thumbs/240x240/2015-04/baba-zula-big.jpg,1436988804,
84e4f7,127.0.0.1,GET,http://programma.greatwideopen.nl/async/dashboardnews,1438711291,a8b89f
10ae76,127.0.0.1,GET,http://programma.greatwideopen.nl/async/latestactivity,1438711291,a8b89f
a8b89f,82.161.179.99,GET,http://programma.greatwideopen.nl/beheer,1438711291,
d26ce3,82.161.179.99,GET,http://programma.greatwideopen.nl/thumbs/54x41c/2015-08/2014-bus-foto-juri-hiensch-kopie.jpg,1438711292,
dc0330,82.161.179.99,GET,http://programma.greatwideopen.nl/thumbs/54x41c/2015-05/1432721744_itgwo-socials-omslag.png,1438711292,
56184a,82.161.179.99,GET,http://programma.greatwideopen.nl/thumbs/54x41c/2014-05/itgwo14.png,1438711293,
9c4eca,82.161.179.99,GET,http://programma.greatwideopen.nl/thumbs/54x41c/2014-09/lab%20vlieland.jpg,1438711293,
ff3a84,82.161.179.99,GET,http://programma.greatwideopen.nl/thumbs/54x41c/2015-07/hoofdbeeld.jpg,1438711293,
f519ec,82.161.179.99,GET,http://programma.greatwideopen.nl/thumbs/54x41c/2015-08/hangout-foto-door-jonathan-vos.jpg,1438711294,
5c2818,82.161.179.99,GET,http://programma.greatwideopen.nl/thumbs/54x41c/2015-07/gerdacover.jpg,1438711294,
a238d7,82.161.179.99,GET,http://programma.greatwideopen.nl/thumbs/54x41c/2014-05/bg-hcts-2013.jpg,1438711294,
430e6c,82.161.179.99,GET,http://programma.greatwideopen.nl/thumbs/54x41c/2015-08/theunis-piersma-volgens-nederland-pb.jpg,1438711294,
976c28,82.161.179.99,GET,http://programma.greatwideopen.nl/thumbs/54x41c/2015-06/new-kids-on-the-blog.png,1438711295,
30af43,82.161.179.99,GET,http://programma.greatwideopen.nl/thumbs/54x41c/2015-07/pieter-van-exter-rood.jpg,1438711295,
0f9242,82.161.179.99,GET,http://programma.greatwideopen.nl/thumbs/54x41c/2015-08/1438628576_541559-848907141796648-6300083572458665957-n.jpg,1438711295,
7e58f6,82.161.179.99,GET,http://programma.greatwideopen.nl/thumbs/54x41c/2015-04/jonathanvos7.jpg,1438711295,
638c34,82.161.179.99,GET,http://programma.greatwideopen.nl/thumbs/54x41c/2015-07/26.jpg,1438711295,
485ebe,82.161.179.99,GET,http://programma.greatwideopen.nl/thumbs/54x41c/2015-07/nest-izaak-zwartjes-13-09-4.nrc.jpg,1438711296,
743971,127.0.0.1,GET,http://programma.greatwideopen.nl/async/lastmodified/programmaonderdelen,1438711300,db9028
771d4a,127.0.0.1,GET,http://programma.greatwideopen.nl/async/showstack?items=10,1438711300,db9028
db9028,82.161.179.99,GET,http://programma.greatwideopen.nl/beheer/editcontent/programmaonderdelen/1822,1438711300,
78ce50,82.161.179.99,GET,http://programma.greatwideopen.nl/thumbs/200x150c/2014-09/lab%20vlieland.jpg,1438711301,
21dbcb,82.161.179.99,GET,http://programma.greatwideopen.nl/async/populartags/tags?limit=40,1438711302,
caa513,82.161.179.99,GET,http://programma.greatwideopen.nl/async/tags/tags,1438711302,
fe137a,82.161.179.99,GET,http://programma.greatwideopen.nl/json/programmaonderdelen/2645,1438711309,
6697c1,82.161.179.99,GET,http://programma.greatwideopen.nl/json/programmaonderdelen,1438711333,
a8e41d,82.161.179.99,GET,http://programma.greatwideopen.nl/json/programmaonderdelen/1804,1438711344,
4b0585,82.161.179.99,GET,http://programma.greatwideopen.nl/json/programmaonderdelen/1808,1438711387,
6cd51b,82.161.179.99,GET,http://programma.greatwideopen.nl/json/programmaonderdelen/1765,1438711406,
c4e26d,82.161.179.99,GET,http://programma.greatwideopen.nl/json/programmaonderdelen/1742,1438711423,
6e39e5,82.161.179.99,GET,http://programma.greatwideopen.nl/thumbs/752x564/2015-05/con-brio-press-photo-ziek-lo-res.jpg,1438711545,
d617ba,82.161.179.99,GET,http://programma.greatwideopen.nl/thumbs/752x564/2015-05/dorian-concept.jpg,1438711569,
1c73dc,82.161.179.99,GET,http://programma.greatwideopen.nl/json/programmaonderdelen/1817,1438711583,
26edbb,127.0.0.1,GET,http://programma.greatwideopen.nl/async/lastmodified/programmaonderdelen,1438711594,bcbff4
bcbff4,82.161.179.99,GET,http://programma.greatwideopen.nl/beheer/overview/programmaonderdelen,1438711594,
13ac5b,82.161.179.99,GET,http://programma.greatwideopen.nl/thumbs/80x60c/2015-08/hangout-foto-door-jonathan-vos.jpg,1438711595,
847dc9,82.161.179.99,GET,http://programma.greatwideopen.nl/thumbs/80x60c/2015-08/2014-yoga-aan-zee-foto-jorn-baars-kopie.jpg,1438711595,
20c6ef,82.161.179.99,GET,http://programma.greatwideopen.nl/thumbs/80x60c/2014-09/lab%20vlieland.jpg,1438711595,
7c2d65,82.161.179.99,GET,http://programma.greatwideopen.nl/thumbs/80x60c/2015-08/theunis-piersma-volgens-nederland-pb.jpg,1438711596,
e4e018,82.161.179.99,GET,http://programma.greatwideopen.nl/thumbs/80x60c/2015-08/itgwo-2014-45.jpg,1438711596,
9d5b0f,82.161.179.99,GET,http://programma.greatwideopen.nl/thumbs/80x60c/2014-08/64_Waddenvereniging_wadexcursie2.jpg,1438711598,
4f1131,82.161.179.99,GET,http://programma.greatwideopen.nl/thumbs/80x60c/2015-08/1438628576_541559-848907141796648-6300083572458665957-n.jpg,1438711598,
abc208,82.161.179.99,GET,http://programma.greatwideopen.nl/thumbs/80x60c/2015-08/rock-n-roll-beatles.jpeg,1438711598,
a0c956,82.161.179.99,GET,http://programma.greatwideopen.nl/thumbs/80x60c/2015-07/072015-satellietgroep-itgwo.jpg,1438711598,
bb8f8e,82.161.179.99,GET,http://programma.greatwideopen.nl/thumbs/80x60c/2015-07/1438287352_dj-itgwo.jpg,1438711599,
005016,82.161.179.99,GET,http://programma.greatwideopen.nl/thumbs/80x60c/2015-07/26.jpg,1438711599,
50025a,82.161.179.99,GET,http://programma.greatwideopen.nl/thumbs/80x60c/2015-07/dj-itgwo.jpg,1438711599,
00761b,82.161.179.99,GET,http://programma.greatwideopen.nl/thumbs/80x60c/2015-07/1438336762_dj-itgwo.jpg,1438711600,
897a43,82.161.179.99,GET,http://programma.greatwideopen.nl/thumbs/80x60c/2015-07/1438287420_dj-itgwo.jpg,1438711600,
76307d,82.161.179.99,GET,http://programma.greatwideopen.nl/thumbs/80x60c/2015-07/big-pimpin.jpg,1438711600,
da05a7,82.161.179.99,GET,http://programma.greatwideopen.nl/thumbs/80x60c/2015-07/1438287620_afterpartees-by-nick-helderman.jpg,1438711600,
333580,82.161.179.99,GET,http://programma.greatwideopen.nl/thumbs/80x60c/2015-07/afterpartees-by-nick-helderman.jpg,1438711601,
6d6b3a,82.161.179.99,GET,http://programma.greatwideopen.nl/thumbs/80x60c/2015-07/observatory-of-the-self-3.1.jpg,1438711601,
a906a3,82.161.179.99,GET,http://programma.greatwideopen.nl/thumbs/80x60c/2015-07/nest-izaak-zwartjes-13-09-4.nrc.jpg,1438711601,
88a813,82.161.179.99,GET,http://programma.greatwideopen.nl/thumbs/80x60c/2015-07/1-groepsfoto-buiten-preview.jpg,1438711601,
4c35fa,82.161.179.99,GET,http://programma.greatwideopen.nl/thumbs/80x60c/2015-06/starfishing-kopie.jpg,1438711602,
930280,82.161.179.99,GET,http://programma.greatwideopen.nl/thumbs/80x60c/2015-06/forest-grid-promo-image.jpg,1438711602,
7200f9,82.161.179.99,GET,http://programma.greatwideopen.nl/thumbs/80x60c/2015-06/daniel-maalman-brainforest-rgb-illustratie-door-ruben-maalman-kopie.jpg,1438711602,
ec212c,82.161.179.99,GET,http://programma.greatwideopen.nl/thumbs/80x60c/2015-06/lights-of-wild.jpg,1438711602,
5b4401,82.161.179.99,GET,http://programma.greatwideopen.nl/thumbs/80x60c/2015-07/smutfish.jpg,1438711603,
9a79b3,82.161.179.99,GET,http://programma.greatwideopen.nl/thumbs/80x60c/2015-07/dazzledsticks-irfaner-topbillin.jpeg,1438711603,
388dc2,82.161.179.99,GET,http://programma.greatwideopen.nl/thumbs/80x60c/2015-07/bruut-max-baggerman1-color-xl.jpg,1438711603,
b75baa,82.161.179.99,GET,http://programma.greatwideopen.nl/thumbs/80x60c/2015-06/aardappelplaatje.jpg,1438711603,
4c9b96,82.161.179.99,GET,http://programma.greatwideopen.nl/thumbs/80x60c/2015-06/kolderkrant.jpg,1438711604,
ca002a,82.161.179.99,GET,http://programma.greatwideopen.nl/thumbs/80x60c/2015-06/zeegras.jpg,1438711604,
8fbd2b,82.161.179.99,GET,http://programma.greatwideopen.nl/thumbs/80x60c/2015-06/new-kids-on-the-blog.png,1438711604,
aa8760,82.161.179.99,GET,http://programma.greatwideopen.nl/thumbs/80x60c/2015-06/michelle-david-fc-preview.jpg,1438711604,
ae550d,82.161.179.99,GET,http://programma.greatwideopen.nl/thumbs/80x60c/2015-06/gloei.jpg,1438711605,
8bfdcb,82.161.179.99,GET,http://programma.greatwideopen.nl/thumbs/80x60c/2015-06/winkel-van-kluit.jpg,1438711605,
17858b,82.161.179.99,GET,http://programma.greatwideopen.nl/thumbs/80x60c/2015-06/elias.jpeg,1438711605,
0d1832,82.161.179.99,GET,http://programma.greatwideopen.nl/thumbs/80x60c/2015-06/gravediggers.jpg,1438711605,
9f8878,82.161.179.99,GET,http://programma.greatwideopen.nl/thumbs/80x60c/2015-06/moon-street-still02.jpg,1438711606,
e80ecb,82.161.179.99,GET,http://programma.greatwideopen.nl/thumbs/80x60c/2015-07/bewilder-2015b-credit-remco-brinkhuis-lowres.jpg,1438711606,
4f20cf,82.161.179.99,GET,http://programma.greatwideopen.nl/thumbs/80x60c/2015-06/wind-2.jpg,1438711606,
3dfa18,82.161.179.99,GET,http://programma.greatwideopen.nl/thumbs/80x60c/2015-06/atlantic.-still01.jpg,1438711606,
64b58c,82.161.179.99,GET,http://programma.greatwideopen.nl/thumbs/80x60c/2015-06/stoutkonijn-keutelkrisis-itgwo2015.jpg,1438711607,
b85c6a,82.161.179.99,GET,http://programma.greatwideopen.nl/thumbs/80x60c/2015-06/my-baby-press-xxs.jpg,1438711607,
58713f,82.161.179.99,GET,http://programma.greatwideopen.nl/thumbs/80x60c/2015-06/austintoboston2.jpg,1438711607,
da779b,82.161.179.99,GET,http://programma.greatwideopen.nl/thumbs/80x60c/2015-06/don-t-think-i-ve-forgotten-cambodia-s-lost-rock-and-roll-still01.jpg,1438711607,
1a6d5b,82.161.179.99,GET,http://programma.greatwideopen.nl/thumbs/80x60c/2015-06/h-los.png,1438711608,
c473ed,82.161.179.99,GET,http://programma.greatwideopen.nl/thumbs/80x60c/2015-06/1435155579_vampyr31.jpg,1438711608,
539a89,82.161.179.99,GET,http://programma.greatwideopen.nl/thumbs/80x60c/2015-06/andyshauf-2015-bw1.jpg,1438711608,
25f25b,82.161.179.99,GET,http://programma.greatwideopen.nl/thumbs/80x60c/2015-06/american-interior-7.jpg,1438711608,
c24987,82.161.179.99,GET,http://programma.greatwideopen.nl/thumbs/80x60c/2015-06/crumbs-still01.jpg,1438711609,
47e3b8,82.161.179.99,GET,http://programma.greatwideopen.nl/thumbs/80x60c/2015-06/oscar-new-press-2015.jpg,1438711609,
0b8bdd,82.161.179.99,GET,http://programma.greatwideopen.nl/thumbs/80x60c/2015-05/vlielab-promo.jpeg,1438711609,
ff581d,82.161.179.99,GET,http://programma.greatwideopen.nl/thumbs/80x60c/2015-06/theafterveins-press.jpg,1438711609,
a2187f,82.161.179.99,GET,http://programma.greatwideopen.nl/thumbs/80x60c/2015-06/leonbridges-london-sbe-rgb.jpg,1438711610,
fd24de,82.161.179.99,GET,http://programma.greatwideopen.nl/thumbs/80x60c/2015-05/magischebeestjes-beeld.jpg,1438711611,
c30a83,82.161.179.99,GET,http://programma.greatwideopen.nl/thumbs/80x60c/2015-05/borduur-scouting.jpg,1438711611,
339c08,82.161.179.99,GET,http://programma.greatwideopen.nl/thumbs/80x60c/2015-05/vieze-vingers.jpg,1438711613,
cdf0ea,82.161.179.99,GET,http://programma.greatwideopen.nl/thumbs/80x60c/2015-05/open.jpeg,1438711613,
9de63f,82.161.179.99,GET,http://programma.greatwideopen.nl/thumbs/80x60c/2015-05/naturalphenomena.jpeg,1438711613,
964e85,82.161.179.99,GET,http://programma.greatwideopen.nl/thumbs/80x60c/2015-06/fresku1.jpg,1438711613,
143197,82.161.179.99,GET,http://programma.greatwideopen.nl/thumbs/80x60c/2015-05/jake-isaac.jpg,1438711614,
fe5f2a,82.161.179.99,GET,http://programma.greatwideopen.nl/thumbs/80x60c/2015-05/1432225114_md-boots-40.jpeg,1438711614,
8a6cfc,82.161.179.99,GET,http://programma.greatwideopen.nl/thumbs/80x60c/2015-05/gabriel-rios-foto-michael-sewandono-studio.jpg,1438711614,
7d5484,82.161.179.99,GET,http://programma.greatwideopen.nl/thumbs/80x60c/2015-05/taxiwars-kris-dewitte-10-0152.jpg,1438711614,
eb9a2e,82.161.179.99,GET,http://programma.greatwideopen.nl/thumbs/80x60c/2015-05/jacco-gardner.jpg,1438711615,
30d153,82.161.179.99,GET,http://programma.greatwideopen.nl/thumbs/80x60c/2015-06/oscar-and-the-wolf-photo-by-marie-wynants.jpg,1438711615,
1750bb,82.161.179.99,GET,http://programma.greatwideopen.nl/thumbs/80x60c/2015-06/image002.jpg,1438711615,
52851f,82.161.179.99,GET,http://programma.greatwideopen.nl/thumbs/80x60c/2015-05/los-piranas.jpg,1438711615,
927ecf,82.161.179.99,GET,http://programma.greatwideopen.nl/thumbs/80x60c/2015-05/torres-foto-by-shawn-brackbill.jpg,1438711616,
eee1a5,82.161.179.99,GET,http://programma.greatwideopen.nl/thumbs/80x60c/2015-05/kevinmorby.jpeg,1438711616,
e048d7,82.161.179.99,GET,http://programma.greatwideopen.nl/thumbs/80x60c/2015-05/antal-hunee.jpg,1438711616,
3a727c,82.161.179.99,GET,http://programma.greatwideopen.nl/thumbs/80x60c/2015-05/artificialgarden.jpg,1438711616,
d98705,82.161.179.99,GET,http://programma.greatwideopen.nl/thumbs/80x60c/2015-05/persfoto-pauw-2015.jpg,1438711616,
10bcab,82.161.179.99,GET,http://programma.greatwideopen.nl/thumbs/80x60c/2015-05/tang-promo1press-2.jpg,1438711617,
0f61fd,82.161.179.99,GET,http://programma.greatwideopen.nl/thumbs/80x60c/2015-05/con-brio-press-photo-ziek-lo-res.jpg,1438711617,
b007eb,82.161.179.99,GET,http://programma.greatwideopen.nl/thumbs/80x60c/2015-05/maartenvos-press1-preview.jpg,1438711617,
5845c6,82.161.179.99,GET,http://programma.greatwideopen.nl/thumbs/80x60c/2015-05/dorian-concept.jpg,1438711619,
0940f2,82.161.179.99,GET,http://programma.greatwideopen.nl/thumbs/80x60c/2015-04/patrick-watson.jpg,1438711620,
8adb89,82.161.179.99,GET,http://programma.greatwideopen.nl/thumbs/80x60c/2015-05/de-staat-door-isabelle-renate-la-poutr-2h.jpg,1438711621,
6a292a,82.161.179.99,GET,http://programma.greatwideopen.nl/thumbs/80x60c/2015-05/wand-meghan-tryon1.jpeg,1438711622,
9a741d,82.161.179.99,GET,http://programma.greatwideopen.nl/thumbs/80x60c/2015-05/ewert-and-the-two-dragons-by-mart-vares.jpg,1438711622,
ea15bb,82.161.179.99,GET,http://programma.greatwideopen.nl/thumbs/80x60c/2015-05/jcc-2.jpg,1438711623,
fd8ff7,82.161.179.99,GET,http://programma.greatwideopen.nl/thumbs/80x60c/2015-04/kennyb.jpg,1438711623,
d49ffe,82.161.179.99,GET,http://programma.greatwideopen.nl/thumbs/80x60c/2015-04/gallowstreet.jpg,1438711623,
b1e662,82.161.179.99,GET,http://programma.greatwideopen.nl/thumbs/80x60c/2015-04/332-990-660-crop-imagetool-1280-640-0-123.jpg,1438711624,
7af2a1,82.161.179.99,GET,http://programma.greatwideopen.nl/thumbs/80x60c/2015-07/jackgarratt.jpg,1438711624,
66b701,82.161.179.99,GET,http://programma.greatwideopen.nl/thumbs/80x60c/2015-04/die-nerven-6.jpg,1438711625,
30b843,82.161.179.99,GET,http://programma.greatwideopen.nl/thumbs/80x60c/2015-04/ryleywalker-press-12copy.jpg,1438711625,
2d62b7,82.161.179.99,GET,http://programma.greatwideopen.nl/thumbs/80x60c/2015-04/la-sra-tomasa.jpg,1438711626,
a41f26,82.161.179.99,GET,http://programma.greatwideopen.nl/thumbs/80x60c/2015-04/img-0661.jpg,1438711626,
7339c4,82.161.179.99,GET,http://programma.greatwideopen.nl/thumbs/80x60c/2015-04/kapok-jump-uitsnede.jpg,1438711627,
eb4378,82.161.179.99,GET,http://programma.greatwideopen.nl/thumbs/80x60c/2015-04/touristlemc.jpg,1438711627,
5110a0,82.161.179.99,GET,http://programma.greatwideopen.nl/thumbs/80x60c/2015-04/baba-zula-big.jpg,1438711627,
641123,82.161.179.99,GET,http://programma.greatwideopen.nl/thumbs/80x60c/2015-04/vv-et-am-band-by-gabriela-gonzales-lores.jpg,1438711628,
25ebb0,82.161.179.99,GET,http://programma.greatwideopen.nl/thumbs/80x60c/2015-04/thedeslondes_elenaricci_300dpi.jpg,1438711628,
b389f4,82.161.179.99,GET,http://programma.greatwideopen.nl/thumbs/80x60c/2015-04/undertones_col_highres.jpg,1438711629,
2fe6fe,82.161.179.99,GET,http://programma.greatwideopen.nl/thumbs/80x60c/2015-03/aardappelplaatje2.jpg,1438711629,
b53b48,82.161.179.99,GET,http://programma.greatwideopen.nl/thumbs/80x60c/2015-03/versevis.jpg,1438711630,
a81b22,82.161.179.99,GET,http://programma.greatwideopen.nl/thumbs/80x60c/2015-04/domestic1_680x452.jpg,1438711630,
453926,82.161.179.99,GET,http://programma.greatwideopen.nl/thumbs/80x60c/2015-03/1427724032_foto_excursie_1.jpg,1438711630,
16f78f,82.161.179.99,GET,http://programma.greatwideopen.nl/thumbs/80x60c/2015-03/1425923960_hcts2015beestenbende.jpg,1438711631,
9cb5bb,82.161.179.99,GET,http://programma.greatwideopen.nl/thumbs/752x564/2015-08/2014-bus-foto-juri-hiensch-kopie.jpg,1438711769,
65474b,82.161.179.99,GET,http://programma.greatwideopen.nl/thumbs/752x564/2015-04/alamo_dirk_wolf_.jpg,1438712153,
11e1e6,82.161.179.99,GET,http://programma.greatwideopen.nl/thumbs/752x564/2015-07/1437472183_dsc03892.jpg,1438712229,
9cedd6,82.161.179.99,GET,http://programma.greatwideopen.nl/thumbs/752x564/2015-05/antal-hunee.jpg,1438712657,
2beb78,82.161.179.99,GET,http://programma.greatwideopen.nl/thumbs/752x564/2015-05/drinks-2-cara-robbins-.jpg,1438712663,
4f0201,127.0.0.1,GET,http://programma.greatwideopen.nl/async/dashboardnews,1438717874,751b41
a7c170,127.0.0.1,GET,http://programma.greatwideopen.nl/async/showstack?items=10,1438717874,751b41
a7002b,127.0.0.1,GET,http://programma.greatwideopen.nl/async/latestactivity,1438717874,751b41
751b41,84.26.33.97,GET,http://programma.greatwideopen.nl/beheer,1438717874,
3b24e7,84.26.33.97,GET,http://programma.greatwideopen.nl/thumbs/54x41c/2015-08/itgwo-3-web-header-kopie.jpg,1438717874,
080b25,84.26.33.97,GET,http://programma.greatwideopen.nl/thumbs/100x100c/2015-04/img_20150404_wa0010.jpg,1438717875,
29a3e2,84.26.33.97,GET,http://programma.greatwideopen.nl/thumbs/100x100c/2015-01/img_9223.jpg,1438717875,
a402e3,84.26.33.97,GET,http://programma.greatwideopen.nl/thumbs/100x100c/2015-04/rosy_fingered_dawn_at_louse_point.jpg,1438717875,
9f2b12,84.26.33.97,GET,http://programma.greatwideopen.nl/thumbs/100x100c/2015-03/unnamed.jpg,1438717876,
cd2fda,84.26.33.97,GET,http://programma.greatwideopen.nl/thumbs/100x100c/2015-04/maarten_vos_atzedevrieze.jpg,1438717876,
836487,127.0.0.1,GET,http://programma.greatwideopen.nl/async/lastmodified/speeltijden,1438717882,341597
341597,84.26.33.97,GET,http://programma.greatwideopen.nl/beheer/overview/speeltijden,1438717882,
8a10c2,84.26.33.97,GET,http://programma.greatwideopen.nl/thumbs/80x60c/2012-06/ode-aan-de-wind---anton-klein.png,1438717882,
e8a899,84.26.33.97,GET,http://programma.greatwideopen.nl/thumbs/80x60c/2012-06/vreemde-vogels---noortje-de-keijzer.png,1438717883,
c651c9,84.26.33.97,GET,http://programma.greatwideopen.nl/thumbs/80x60c/2013-07/surprise-film.jpg,1438717883,
45a2a4,84.26.33.97,GET,http://programma.greatwideopen.nl/thumbs/80x60c/2012-06/als-ik-de-baas-zou-zijn---genevieve-kooijman--nina-westendorp.png,1438717883,
bb3c65,84.26.33.97,GET,http://programma.greatwideopen.nl/thumbs/80x60c/2013-07/nation_for_two-kopie.jpg,1438717883,
81596d,84.26.33.97,GET,http://programma.greatwideopen.nl/thumbs/80x60c/2012-06/tak-tak-bang-bang---dirk-zandvliet--nina-de-jong.jpg,1438717884,
22f39f,84.26.33.97,GET,http://programma.greatwideopen.nl/thumbs/80x60c/2013-07/verse_vangst.jpg,1438717884,
d8b0c3,84.26.33.97,GET,http://programma.greatwideopen.nl/thumbs/80x60c/2011-03/roosbeef.jpg,1438717884,
63e5e6,84.26.33.97,GET,http://programma.greatwideopen.nl/thumbs/80x60c/2011-03/friskaviljor.jpg,1438717884,
0b02c9,84.26.33.97,GET,http://programma.greatwideopen.nl/thumbs/80x60c/2013-07/dunderklumpen-kopie.jpg,1438717885,
d688f0,84.26.33.97,GET,http://programma.greatwideopen.nl/thumbs/80x60c/2011-03/laboutiquefantastique.jpg,1438717885,
a74fca,84.26.33.97,GET,http://programma.greatwideopen.nl/thumbs/80x60c/2013-07/la-waaiorgel-beeld-kopie.jpg,1438717885,
44a1ee,84.26.33.97,GET,http://programma.greatwideopen.nl/thumbs/80x60c/2011-03/alamoracetrack.jpg,1438717885,
abfe24,84.26.33.97,GET,http://programma.greatwideopen.nl/thumbs/80x60c/2010-07/jungle_by_night.jpg,1438717885,
fb55ef,84.26.33.97,GET,http://programma.greatwideopen.nl/thumbs/80x60c/2009-06/kids.jpg,1438717886,
2f8eb0,84.26.33.97,GET,http://programma.greatwideopen.nl/thumbs/80x60c/2011-03/anisland.jpg,1438717886,
d491be,84.26.33.97,GET,http://programma.greatwideopen.nl/thumbs/80x60c/2012-06/great-wide-motion-lab.jpeg,1438717886,
2eeda7,84.26.33.97,GET,http://programma.greatwideopen.nl/thumbs/80x60c/2012-06/paul_baartmans_fairytale-web_1.jpg,1438717886,
ce1b65,84.26.33.97,GET,http://programma.greatwideopen.nl/thumbs/80x60c/2011-03/djstpaul.jpg,1438717887,
f1cca4,84.26.33.97,GET,http://programma.greatwideopen.nl/thumbs/80x60c/2013-07/limonade-molen-kopie.jpg,1438717887,
0ae338,84.26.33.97,GET,http://programma.greatwideopen.nl/thumbs/80x60c/2012-07/film_grandmalofi.jpg,1438717887,
f9e63b,84.26.33.97,GET,http://programma.greatwideopen.nl/thumbs/80x60c/2013-07/melt-ijsjes.png,1438717887,
8f747f,84.26.33.97,GET,http://programma.greatwideopen.nl/thumbs/80x60c/2012-07/alt-j-web.jpg,1438717888,
8714f8,84.26.33.97,GET,http://programma.greatwideopen.nl/thumbs/80x60c/2013-07/eddie-the-eagle-kopie.jpg,1438717888,
1e866d,84.26.33.97,GET,http://programma.greatwideopen.nl/thumbs/80x60c/2013-07/le-quattro-volte.jpg,1438717888,
37c61f,84.26.33.97,GET,http://programma.greatwideopen.nl/thumbs/80x60c/2013-07/bubbelfabriek-kopie.jpeg,1438717888,
dbd1b0,127.0.0.1,GET,http://programma.greatwideopen.nl/async/lastmodified/speeltijden,1438717889,8e6488
8e6488,84.26.33.97,GET,http://programma.greatwideopen.nl/beheer/overview/speeltijden?filter=oscar,1438717889,
6ce711,84.26.33.97,GET,http://programma.greatwideopen.nl/thumbs/80x60c/2012-07/film_binnenstebuiten_apnoe.jpg,1438717889,
849c3f,127.0.0.1,GET,http://programma.greatwideopen.nl/async/lastmodified/speeltijden,1438717894,e18e86
3a523b,127.0.0.1,GET,http://programma.greatwideopen.nl/async/showstack?items=10,1438717894,e18e86
e18e86,84.26.33.97,GET,http://programma.greatwideopen.nl/beheer/editcontent/speeltijden/1789,1438717894,
71348b,84.26.33.97,GET,http://programma.greatwideopen.nl/thumbs/200x150c/2015-06/oscar-and-the-wolf-photo-by-marie-wynants.jpg,1438717895,
609a87,84.26.33.97,GET,http://programma.greatwideopen.nl/favicon.ico,1438944378,
b1e1bd,84.26.33.97,GET,http://programma.greatwideopen.nl/,1438944388,
ae6eeb,84.26.33.97,GET,http://programma.greatwideopen.nl/,1438944390,
8ecc67,127.0.0.1,GET,http://programma.greatwideopen.nl/async/dashboardnews,1438944393,452916
c828f1,127.0.0.1,GET,http://programma.greatwideopen.nl/async/showstack?items=10,1438944393,452916
fd61ee,127.0.0.1,GET,http://programma.greatwideopen.nl/async/latestactivity,1438944393,452916
452916,84.26.33.97,GET,http://programma.greatwideopen.nl/beheer,1438944393,
f7e145,84.26.33.97,GET,http://programma.greatwideopen.nl/thumbs/54x41c/2014-08/64_Waddenvereniging_wadexcursie2.jpg,1438944396,
5ebf13,84.26.33.97,GET,http://programma.greatwideopen.nl/thumbs/54x41c/2015-08/cinevan1.jpg,1438944397,
a46c70,84.26.33.97,GET,http://programma.greatwideopen.nl/thumbs/54x41c/2015-07/bruut-max-baggerman1-color-xl.jpg,1438944397,
46d7ae,84.26.33.97,GET,http://programma.greatwideopen.nl/thumbs/54x41c/2015-07/afterpartees-by-nick-helderman.jpg,1438944397,
d998e6,84.26.33.97,GET,http://programma.greatwideopen.nl/thumbs/54x41c/2015-07/smutfish.jpg,1438944397,
dfd382,127.0.0.1,GET,http://programma.greatwideopen.nl/async/lastmodified/speeltijden,1438944401,883fd4
883fd4,84.26.33.97,GET,http://programma.greatwideopen.nl/beheer/overview/speeltijden,1438944401,
677636,84.26.33.97,GET,http://programma.greatwideopen.nl/thumbs/80x60c/2012-07/jd-mcpherson_1.jpeg,1438944402,
49b37c,84.26.33.97,GET,http://programma.greatwideopen.nl/thumbs/80x60c/2013-07/itgrows-kopie.jpg,1438944403,
7f801f,84.26.33.97,GET,http://programma.greatwideopen.nl/thumbs/80x60c/2012-07/thestaves_iain-griffiths-jones.jpeg,1438944403,
591ad1,84.26.33.97,GET,http://programma.greatwideopen.nl/thumbs/80x60c/2013-07/papier-maken-van-dierenpoep-kopie_1.jpg,1438944403,
56e60a,84.26.33.97,GET,http://programma.greatwideopen.nl/thumbs/80x60c/2012-07/paulthomassaunders_tom-martin.jpeg,1438944403,
26b54a,84.26.33.97,GET,http://programma.greatwideopen.nl/thumbs/80x60c/2013-07/nepco-kopie.jpg,1438944404,
177bb7,84.26.33.97,GET,http://programma.greatwideopen.nl/thumbs/80x60c/2012-07/halfmoonrun_tim-georgeson_web.jpg,1438944404,
3239a5,84.26.33.97,GET,http://programma.greatwideopen.nl/thumbs/80x60c/2013-07/studio-verlicht-vlie-kopie.jpg,1438944404,
ddab24,84.26.33.97,GET,http://programma.greatwideopen.nl/thumbs/80x60c/2012-07/savages1.jpeg,1438944404,
557a87,84.26.33.97,GET,http://programma.greatwideopen.nl/thumbs/80x60c/2012-07/grasscut.jpeg,1438944404,
6c21d6,84.26.33.97,GET,http://programma.greatwideopen.nl/thumbs/80x60c/archive/2009/itgwo2009-kolderkrant-200.jpg,1438944405,
b3604f,84.26.33.97,GET,http://programma.greatwideopen.nl/thumbs/80x60c/2013-08/stout_konijn_logo_1.jpg,1438944405,
ef3a32,84.26.33.97,GET,http://programma.greatwideopen.nl/thumbs/80x60c/2013-07/de_tweede_speeldoos_i_am_kat.jpg,1438944405,
5a4dcd,84.26.33.97,GET,http://programma.greatwideopen.nl/thumbs/80x60c/2012-07/wallakristalla-web.jpg,1438944405,
69386c,84.26.33.97,GET,http://programma.greatwideopen.nl/thumbs/80x60c/2013-08/zapp4_merlijn_doomernik1.jpg,1438944406,
5c45ef,84.26.33.97,GET,http://programma.greatwideopen.nl/thumbs/80x60c/2013-07/tattroulette_visual-kopie.jpg,1438944406,
a35e91,84.26.33.97,GET,http://programma.greatwideopen.nl/thumbs/80x60c/2012-07/arie-van-vliet_knakenpaleis_web.jpg,1438944406,
0f7062,84.26.33.97,GET,http://programma.greatwideopen.nl/thumbs/80x60c/2013-08/tuinterroristen.jpg,1438944406,
2d39ff,84.26.33.97,GET,http://programma.greatwideopen.nl/thumbs/80x60c/2013-07/josef_salvat.jpg,1438944406,
0f3a91,84.26.33.97,GET,http://programma.greatwideopen.nl/thumbs/80x60c/2012-07/polakvanbekkum_spiraldrawingsunrise_web.jpg,1438944407,
92c457,84.26.33.97,GET,http://programma.greatwideopen.nl/thumbs/80x60c/2013-07/miles_kane_1.jpg,1438944407,
9e61c5,84.26.33.97,GET,http://programma.greatwideopen.nl/thumbs/80x60c/2012-07/ieke-trinks_ieke_trinks_web.jpg,1438944407,
bcbca3,84.26.33.97,GET,http://programma.greatwideopen.nl/thumbs/80x60c/2012-07/cymatical_biodome_web.jpg,1438944408,
fb5bac,84.26.33.97,GET,http://programma.greatwideopen.nl/thumbs/80x60c/2013-07/rico-a.r.t._1.jpg,1438944408,
c1d5fb,84.26.33.97,GET,http://programma.greatwideopen.nl/thumbs/80x60c/2012-08/peik-suyling-en-sander-van-der-ham_thuisgevoel.jpg,1438944408,
7745c0,84.26.33.97,GET,http://programma.greatwideopen.nl/thumbs/80x60c/2012-07/nina_boas_projectie_web.jpg,1438944408,
3e0324,84.26.33.97,GET,http://programma.greatwideopen.nl/thumbs/80x60c/2013-07/fakkelbrigade_peter_benjamins.jpg,1438944409,
b894c4,84.26.33.97,GET,http://programma.greatwideopen.nl/thumbs/80x60c/2012-07/lotte-middendorp_niets.jpg,1438944410,
bb9048,84.26.33.97,GET,http://programma.greatwideopen.nl/thumbs/80x60c/2013-07/tangarine_tim_knol.jpg,1438944410,
e2d995,84.26.33.97,GET,http://programma.greatwideopen.nl/thumbs/80x60c/2013-07/typhoon.jpg,1438944410,
03e659,84.26.33.97,GET,http://programma.greatwideopen.nl/thumbs/80x60c/2013-08/redsnapper_michel_vanderhoven_2.jpg,1438944410,
d2f3bf,84.26.33.97,GET,http://programma.greatwideopen.nl/thumbs/80x60c/2012-07/soundwave---robin-de-bruin.jpeg,1438944411,
67fdf4,84.26.33.97,GET,http://programma.greatwideopen.nl/thumbs/80x60c/2012-07/eilandyogadans---ilja-tigchelaar.jpeg,1438944411,
654d92,84.26.33.97,GET,http://programma.greatwideopen.nl/thumbs/80x60c/2013-07/elephant_stone_bowen_stead.jpg,1438944411,
b8e647,84.26.33.97,GET,http://programma.greatwideopen.nl/thumbs/80x60c/2012-07/officiele-postdienst---julia--claartje-van-den-broek.jpeg,1438944411,
fac87d,84.26.33.97,GET,http://programma.greatwideopen.nl/thumbs/80x60c/2012-07/maaike-roozenburg_overeenzaamheid_beeld02.jpg,1438944412,
77e67b,84.26.33.97,GET,http://programma.greatwideopen.nl/thumbs/80x60c/2012-07/bos-gipssies---nicole-van-den-kroonenberg.jpeg,1438944412,
71e920,84.26.33.97,GET,http://programma.greatwideopen.nl/thumbs/80x60c/2013-07/zazazozo.jpg,1438944412,
c1c1b6,84.26.33.97,GET,http://programma.greatwideopen.nl/thumbs/80x60c/2013-07/melt_yourself_down_cat_stevens.png,1438944412,
51761b,84.26.33.97,GET,http://programma.greatwideopen.nl/thumbs/80x60c/2013-08/coely_jelle_vermeersch3.jpg,1438944413,
acf495,84.26.33.97,GET,http://programma.greatwideopen.nl/thumbs/80x60c/2012-07/parachutespringen-voor-knuffels---i.s.m.-noorderzon.jpeg,1438944414,
3e052e,84.26.33.97,GET,http://programma.greatwideopen.nl/thumbs/80x60c/2013-07/afterpartees.jpg,1438944414,
e3a187,84.26.33.97,GET,http://programma.greatwideopen.nl/thumbs/80x60c/2012-07/windtorens---maidie-van-den-bos.jpeg,1438944415,
8dc45c,84.26.33.97,GET,http://programma.greatwideopen.nl/thumbs/80x60c/2012-07/sjoel.jpeg,1438944415,
b3c8b1,84.26.33.97,GET,http://programma.greatwideopen.nl/thumbs/80x60c/2012-08/kitelisajeroen.jpg,1438944416,
fc40e0,84.26.33.97,GET,http://programma.greatwideopen.nl/thumbs/80x60c/2011-05/bettieserveert.jpg,1438944417,
be81e0,84.26.33.97,GET,http://programma.greatwideopen.nl/thumbs/80x60c/2012-07/de-zeefdrukfabriek---elspeth-pikaar-2.jpeg,1438944417,
d24a5d,84.26.33.97,GET,http://programma.greatwideopen.nl/thumbs/80x60c/2012-07/action-weaving---eveline-wawoe--everdien-breken.jpeg,1438944418,
7c7a66,84.26.33.97,GET,http://programma.greatwideopen.nl/thumbs/80x60c/2009-07/foto_herrekijker21.jpg,1438944418,
e008ec,84.26.33.97,GET,http://programma.greatwideopen.nl/thumbs/80x60c/2012-08/11-a-love-story-kopie.jpg,1438944418,
76ee6c,84.26.33.97,GET,http://programma.greatwideopen.nl/thumbs/80x60c/2012-08/cinema-aan-zee_satellietgroep_robteriet.jpg,1438944419,
da4b4f,84.26.33.97,GET,http://programma.greatwideopen.nl/thumbs/80x60c/2013-07/de-stolp.jpg,1438944419,
200d27,84.26.33.97,GET,http://programma.greatwideopen.nl/thumbs/80x60c/2013-07/dream-station-space-kopie_1.jpg,1438944419,
392ace,127.0.0.1,GET,http://programma.greatwideopen.nl/async/lastmodified/speeltijden,1438944439,981db8
981db8,84.26.33.97,GET,http://programma.greatwideopen.nl/beheer/overview/speeltijden?filter=write,1438944439,
f54e49,127.0.0.1,GET,http://programma.greatwideopen.nl/async/lastmodified/speeltijden,1438944443,a9ea5e
1d04f3,127.0.0.1,GET,http://programma.greatwideopen.nl/async/showstack?items=10,1438944443,a9ea5e
a9ea5e,84.26.33.97,GET,http://programma.greatwideopen.nl/beheer/editcontent/speeltijden/1842,1438944443,
b1c600,82.161.179.99,GET,http://programma.greatwideopen.nl/favicon.ico,1439127353,
d8a4b4,82.161.179.99,GET,http://programma.greatwideopen.nl/json/speeltijden?show=10,1439127602,
c18e2f,82.161.179.99,GET,http://programma.greatwideopen.nl/json/speeltijden?page%5Bsize%5D=10,1439127676,
0304a9,82.161.179.99,GET,http://programma.greatwideopen.nl/json/speeltijden?page%5Bsize%5D=10,1439127687,
3d0044,82.161.179.99,GET,http://programma.greatwideopen.nl/json/speeltijden?page%5Bsize%5D=10,1439127759,
a8840f,82.161.179.99,GET,http://programma.greatwideopen.nl/json/speeltijden?page%5Bsize%5D=10,1439127790,
3d283c,82.161.179.99,GET,http://programma.greatwideopen.nl/json/speeltijden?page%5Bsize%5D=30,1439128969,
765e62,82.161.179.99,GET,http://programma.greatwideopen.nl/thumbs/54x41c/2015-08/foto-weltevree-s-strandtuin.jpeg,1439143237,
c9de9a,82.161.179.99,GET,http://programma.greatwideopen.nl/thumbs/54x41c/2015-06/gloei.jpg,1439143237,
5942f3,82.161.179.99,GET,http://programma.greatwideopen.nl/thumbs/54x41c/2015-06/zeegras.jpg,1439143237,
fe3e0b,82.161.179.99,GET,http://programma.greatwideopen.nl/thumbs/54x41c/2015-08/image1-1-.jpeg,1439143238,
e2e2c5,82.161.179.99,GET,http://programma.greatwideopen.nl/beheer/file/edit/config/contenttypes.yml,1439143247,
068232,127.0.0.1,GET,http://programma.greatwideopen.nl/async/lastmodified/programmaonderdelen,1439143303,0f867c
127bc1,127.0.0.1,GET,http://programma.greatwideopen.nl/async/showstack?items=10,1439143303,0f867c
0f867c,82.161.179.99,GET,http://programma.greatwideopen.nl/beheer/editcontent/programmaonderdelen/1822,1439143303,
ed0b4e,82.161.179.99,GET,http://programma.greatwideopen.nl/async/tags/tags,1439143304,
f34572,82.161.179.99,GET,http://programma.greatwideopen.nl/async/populartags/tags?limit=40,1439143305,
8376bc,82.161.179.99,POST,http://programma.greatwideopen.nl/beheer/file/edit/config/contenttypes.yml?returnto=ajax,1439143432,
a900e1,82.161.179.99,POST,http://programma.greatwideopen.nl/beheer/file/edit/config/contenttypes.yml?returnto=ajax,1439143438,
e7854e,82.161.179.99,POST,http://programma.greatwideopen.nl/beheer/file/edit/config/contenttypes.yml?returnto=ajax,1439143446,
fc4228,127.0.0.1,GET,http://programma.greatwideopen.nl/async/dashboardnews,1439143453,f0511e
bbd12c,127.0.0.1,GET,http://programma.greatwideopen.nl/async/latestactivity,1439143453,f0511e
f0511e,82.161.179.99,GET,http://programma.greatwideopen.nl/beheer,1439143454,
0cd6de,82.161.179.99,GET,http://programma.greatwideopen.nl/beheer/dbcheck,1439143457,
679345,82.161.179.99,POST,http://programma.greatwideopen.nl/beheer/dbupdate,1439143462,
059da3,82.161.179.99,GET,http://programma.greatwideopen.nl/beheer/dbupdate_result?messages=%5B%22Updated%20%60bolt_users%60%20table%20to%20match%20current%20schema.%22%2C%22Updated%20%60bolt_speeltijden%60%20table%20to%20match%20current%20schema.%22%5D,1439143463,
cd0dab,127.0.0.1,GET,http://programma.greatwideopen.nl/async/lastmodified/speeltijden,1439143466,adf0fa
adf0fa,82.161.179.99,GET,http://programma.greatwideopen.nl/beheer/overview/speeltijden,1439143466,
5362b7,127.0.0.1,GET,http://programma.greatwideopen.nl/async/lastmodified/speeltijden,1439143474,5c04aa
5c04aa,82.161.179.99,GET,http://programma.greatwideopen.nl/beheer/overview/speeltijden?filter=hunee,1439143474,
1a2495,127.0.0.1,GET,http://programma.greatwideopen.nl/async/lastmodified/speeltijden,1439143479,8d350d
dd5337,127.0.0.1,GET,http://programma.greatwideopen.nl/async/showstack?items=10,1439143479,8d350d
8d350d,82.161.179.99,GET,http://programma.greatwideopen.nl/beheer/editcontent/speeltijden/1766,1439143479,
cbb603,82.161.179.99,GET,http://programma.greatwideopen.nl/thumbs/200x150c/2015-05/antal-hunee.jpg,1439143480,
494e3f,127.0.0.1,GET,http://programma.greatwideopen.nl/async/lastmodified/programmaonderdelen,1439143487,683f24
683f24,82.161.179.99,GET,http://programma.greatwideopen.nl/beheer/overview/programmaonderdelen,1439143487,
8c02f0,82.161.179.99,GET,http://programma.greatwideopen.nl/thumbs/80x60c/2015-08/image1-1-.jpeg,1439143487,
b2b0d3,82.161.179.99,GET,http://programma.greatwideopen.nl/thumbs/80x60c/2015-08/cinevan1.jpg,1439143488,
a8de38,82.161.179.99,GET,http://programma.greatwideopen.nl/thumbs/80x60c/2015-08/itgwo-magischebeestjes-site.jpg,1439143488,
69301f,127.0.0.1,GET,http://programma.greatwideopen.nl/async/lastmodified/programmaonderdelen,1439143492,290708
290708,82.161.179.99,GET,http://programma.greatwideopen.nl/beheer/overview/programmaonderdelen?filter=hunee&taxonomy-programmatypen=,1439143492,
3fb0ea,82.161.179.99,POST,http://programma.greatwideopen.nl/beheer/editcontent/speeltijden/1766?returnto=ajax,1439143503,
258b33,127.0.0.1,GET,http://programma.greatwideopen.nl/async/lastmodified/speeltijden,1439143515,b22c5a
b22c5a,82.161.179.99,GET,http://programma.greatwideopen.nl/beheer/overview/speeltijden,1439143515,
14d745,127.0.0.1,GET,http://programma.greatwideopen.nl/async/lastmodified/speeltijden,1439143527,473ee3
473ee3,82.161.179.99,GET,http://programma.greatwideopen.nl/beheer/overview/speeltijden?filter=paul,1439143527,
e40e55,82.161.179.99,GET,http://programma.greatwideopen.nl/thumbs/80x60c/2012-08/paul.jpeg,1439143528,
35dbce,82.161.179.99,GET,http://programma.greatwideopen.nl/thumbs/80x60c/2014-05/McClister_StPaulBrokenBones_5973.jpg,1439143530,
25d43b,82.161.179.99,GET,http://programma.greatwideopen.nl/thumbs/80x60c/2013-03/stpaul.jpg,1439143530,
e5d7eb,82.161.179.99,GET,http://programma.greatwideopen.nl/thumbs/80x60c/2014-08/stpaul.jpg,1439143531,
8f9701,82.161.179.99,GET,http://programma.greatwideopen.nl/thumbs/80x60c/2012-05/john-paul-keith-2.jpg,1439143531,
fe004f,82.161.179.99,GET,http://programma.greatwideopen.nl/thumbs/80x60c/2011-08/spaulsss.jpg,1439143531,
1ece03,127.0.0.1,GET,http://programma.greatwideopen.nl/async/lastmodified/speeltijden,1439143534,0131fb
0131fb,82.161.179.99,GET,http://programma.greatwideopen.nl/beheer/overview/speeltijden?filter=paul&order=id,1439143534,
3bd137,127.0.0.1,GET,http://programma.greatwideopen.nl/async/lastmodified/speeltijden,1439143549,69a929
da0e7b,127.0.0.1,GET,http://programma.greatwideopen.nl/async/showstack?items=10,1439143549,69a929
69a929,82.161.179.99,GET,http://programma.greatwideopen.nl/beheer/editcontent/speeltijden/265,1439143549,
2c0782,82.161.179.99,GET,http://programma.greatwideopen.nl/thumbs/200x150c/2011-03/djstpaul.jpg,1439143551,
a8d0bc,82.161.179.99,GET,http://programma.greatwideopen.nl/beheer/files/config/extensions,1439143848,
a6d402,82.161.179.99,GET,http://programma.greatwideopen.nl/beheer/file/edit/config/extensions/jsonapi.bolt.yml,1439143854,
d71dd3,82.161.179.99,POST,http://programma.greatwideopen.nl/beheer/file/edit/config/extensions/jsonapi.bolt.yml?returnto=ajax,1439143864,
eca410,82.161.179.99,GET,http://programma.greatwideopen.nl/thumbs/752x564/2015-07/1-groepsfoto-buiten-preview.jpg,1439145304,
111b59,82.161.179.99,GET,http://programma.greatwideopen.nl/thumbs/752x564/2015-04/intergalactic_lovers_2014_hi_res.jpg,1439145347,
495588,127.0.0.1,GET,http://programma.greatwideopen.nl/async/dashboardnews,1439230734,98e611
1fbad5,127.0.0.1,GET,http://programma.greatwideopen.nl/async/latestactivity,1439230734,98e611
98e611,82.161.179.99,GET,http://programma.greatwideopen.nl/beheer,1439230734,
eb7087,82.161.179.99,GET,http://programma.greatwideopen.nl/thumbs/54x41c/2015-05/antal-hunee.jpg,1439230735,
e16ffd,82.161.179.99,GET,http://programma.greatwideopen.nl/thumbs/54x41c/2015-08/a2ca3f55dc502398401e93a235f10a43.jpg,1439230735,
1db64d,82.161.179.99,GET,http://programma.greatwideopen.nl/async/latestactivity,1439230765,
57b9bc,127.0.0.1,GET,http://programma.greatwideopen.nl/async/lastmodified/speeltijden,1439230782,a53dfc
a53dfc,82.161.179.99,GET,http://programma.greatwideopen.nl/beheer/overview/speeltijden,1439230782,
a0faab,127.0.0.1,GET,http://programma.greatwideopen.nl/async/lastmodified/programmaonderdelen,1439231032,54b0d5
54b0d5,82.161.179.99,GET,http://programma.greatwideopen.nl/beheer/overview/programmaonderdelen,1439231032,
98bf37,82.161.179.99,GET,http://programma.greatwideopen.nl/thumbs/80x60c/2015-08/a2ca3f55dc502398401e93a235f10a43.jpg,1439231033,
d575f5,127.0.0.1,GET,http://programma.greatwideopen.nl/async/lastmodified/programmaonderdelen,1439231038,04f309
04f309,82.161.179.99,GET,http://programma.greatwideopen.nl/beheer/overview/programmaonderdelen?filter=cinevan&taxonomy-programmatypen=,1439231038,
500303,127.0.0.1,GET,http://programma.greatwideopen.nl/async/lastmodified/programmaonderdelen,1439231042,983e74
73dead,127.0.0.1,GET,http://programma.greatwideopen.nl/async/showstack?items=10,1439231042,983e74
983e74,82.161.179.99,GET,http://programma.greatwideopen.nl/beheer/editcontent/programmaonderdelen/1827,1439231042,
c45bc0,82.161.179.99,GET,http://programma.greatwideopen.nl/thumbs/200x150c/2015-08/cinevan1.jpg,1439231043,
88b8ea,82.161.179.99,GET,http://programma.greatwideopen.nl/async/tags/tags,1439231043,
0c5da4,127.0.0.1,GET,http://programma.greatwideopen.nl/async/lastmodified/speeltijden,1439231055,2408e8
2408e8,82.161.179.99,GET,http://programma.greatwideopen.nl/beheer/overview/speeltijden?filter=cinevan,1439231055,
02478a,127.0.0.1,GET,http://programma.greatwideopen.nl/async/lastmodified/speeltijden,1439231059,3ca6e3
e3cf25,127.0.0.1,GET,http://programma.greatwideopen.nl/async/showstack?items=10,1439231059,3ca6e3
3ca6e3,82.161.179.99,GET,http://programma.greatwideopen.nl/beheer/editcontent/speeltijden/1854,1439231059,
54ac20,82.161.179.99,GET,http://programma.greatwideopen.nl/async/filesautocomplete?ext=gif%2Cjpg%2Cjpeg%2Cpng&term=2015-08%2Fcinevan1.jpg,1439231064,
a0ae82,82.161.179.99,POST,http://programma.greatwideopen.nl/beheer/editcontent/speeltijden/1854?returnto=ajax,1439231068,
8df080,127.0.0.1,GET,http://programma.greatwideopen.nl/async/lastmodified/speeltijden,1439231071,5d46f5
0bfe8e,127.0.0.1,GET,http://programma.greatwideopen.nl/async/showstack?items=10,1439231071,5d46f5
5d46f5,82.161.179.99,GET,http://programma.greatwideopen.nl/beheer/editcontent/speeltijden/1854,1439231071,
c5b48a,82.161.179.99,GET,http://programma.greatwideopen.nl/thumbs/240x240/2015-07/observatory-of-the-self-3.1.jpg,1439231184,
ba6377,82.161.179.99,GET,http://programma.greatwideopen.nl/thumbs/240x240/2015-08/cinevan1.jpg,1439231185,
c1d35f,82.161.179.99,GET,http://programma.greatwideopen.nl/thumbs/752x564/2015-05/1432225114_md-boots-40.jpeg,1439231897,
5e0783,127.0.0.1,GET,http://programma.greatwideopen.nl/async/dashboardnews,1439238160,207bd4
209e4a,127.0.0.1,GET,http://programma.greatwideopen.nl/async/latestactivity,1439238160,207bd4
207bd4,82.161.179.99,GET,http://programma.greatwideopen.nl/beheer,1439238160,
458daa,82.161.179.99,GET,http://programma.greatwideopen.nl/thumbs/54x41c/2015-05/torres-foto-by-shawn-brackbill.jpg,1439238161,
a2bafa,82.161.179.99,GET,http://programma.greatwideopen.nl/thumbs/54x41c/2015-07/dj-itgwo.jpg,1439238161,
568c97,82.161.179.99,GET,http://programma.greatwideopen.nl/thumbs/54x41c/2015-07/big-pimpin.jpg,1439238162,
cb13d4,82.161.179.99,GET,http://programma.greatwideopen.nl/beheer/dbcheck,1439238165,
5afbfd,82.161.179.99,POST,http://programma.greatwideopen.nl/beheer/dbupdate,1439238172,
f262ca,82.161.179.99,GET,http://programma.greatwideopen.nl/beheer/dbupdate_result?messages=%5B%22Updated%20%60bolt_users%60%20table%20to%20match%20current%20schema.%22%2C%22Updated%20%60bolt_programmaonderdelen%60%20table%20to%20match%20current%20schema.%22%5D,1439238173,
2b0623,82.161.179.99,GET,http://programma.greatwideopen.nl/beheer/files/config/extensions,1439238184,
d44698,82.161.179.99,GET,http://programma.greatwideopen.nl/beheer/extend,1439238189,
df956c,82.161.179.99,GET,http://programma.greatwideopen.nl/beheer/extend/installed,1439238190,
118de6,82.161.179.99,GET,http://programma.greatwideopen.nl/beheer/extend/check,1439238197,
636633,82.161.179.99,GET,http://programma.greatwideopen.nl/beheer/extend/update?package=bolt%2Fsimpleforms,1439238205,
40656e,82.161.179.99,GET,http://programma.greatwideopen.nl/beheer/extend/installed,1439238205,
58a154,82.161.179.99,GET,http://programma.greatwideopen.nl/beheer/extend/update,1439238207,
2db833,82.161.179.99,GET,http://programma.greatwideopen.nl/beheer/extend/installed,1439238207,
194a9b,82.161.179.99,GET,http://programma.greatwideopen.nl/json/programmaonderdelen/1751,1439238221,
ead8e3,82.161.179.99,GET,http://programma.greatwideopen.nl/json/programmaonderdelen/1751,1439238275,
37f3bc,82.161.179.99,GET,http://programma.greatwideopen.nl/json/programmaonderdelen/1751,1439238300,
3d48db,82.161.179.99,GET,http://programma.greatwideopen.nl/json/programmaonderdelen/1751,1439239014,
8e73ab,82.161.179.99,GET,http://programma.greatwideopen.nl/json/programmaonderdelen/1751,1439239025,
608e52,82.161.179.99,GET,http://programma.greatwideopen.nl/json/programmaonderdelen/1751,1439239130,
83dd17,82.161.179.99,GET,http://programma.greatwideopen.nl/thumbs/54x41c/2015-08/ted-struwer-museum-lakenhal-low-res.jpg,1439317419,
7c9979,82.161.179.99,GET,http://programma.greatwideopen.nl/beheer/files/config/extensions,1439317423,
b44c74,82.161.179.99,GET,http://programma.greatwideopen.nl/beheer/file/edit/config/extensions/jsonapi.bolt.yml,1439317431,
110f9c,82.161.179.99,GET,http://programma.greatwideopen.nl/beheer/file/edit/config/extensions/jsonapi.bolt.yml,1439317432,
6401e0,82.161.179.99,GET,http://programma.greatwideopen.nl/beheer/file/edit/config/extensions/jsonapi.bolt.yml,1439317449,
a964cb,82.161.179.99,POST,http://programma.greatwideopen.nl/beheer/file/edit/config/extensions/jsonapi.bolt.yml?returnto=ajax,1439317456,
1b04b7,82.161.179.99,GET,http://programma.greatwideopen.nl/thumbs/240x180/2015-07/1437472183_dsc03892.jpg,1439317461,
49d8b0,82.161.179.99,GET,http://programma.greatwideopen.nl/thumbs/240x180/2015-07/img-0215.jpg,1439317462,
3112f4,82.161.179.99,GET,http://programma.greatwideopen.nl/thumbs/240x180/2015-08/itgwo-3-web-header-kopie.jpg,1439317462,
c2ab60,82.161.179.99,GET,http://programma.greatwideopen.nl/thumbs/240x180/2015-07/pieter-van-exter-rood.jpg,1439317462,
475f86,82.161.179.99,GET,http://programma.greatwideopen.nl/thumbs/240x180/2015-07/gerdacover.jpg,1439317462,
00a04e,82.161.179.99,GET,http://programma.greatwideopen.nl/thumbs/240x180/2015-06/img-4480.jpg,1439317463,
52a1b5,82.161.179.99,GET,http://programma.greatwideopen.nl/thumbs/240x180/2015-07/hoofdbeeld.jpg,1439317463,
172d98,82.161.179.99,GET,http://programma.greatwideopen.nl/thumbs/240x180/2015-06/hcts15-c-jw-bullee-59.jpg,1439317463,
8a37d6,82.161.179.99,GET,http://programma.greatwideopen.nl/thumbs/240x180/2015-08/2014-bus-foto-juri-hiensch-kopie.jpg,1439317463,
97e3bf,82.161.179.99,GET,http://programma.greatwideopen.nl/thumbs/240x180/2015-07/1436087126_itgwo-web-header.jpg,1439317464,
1774e9,82.161.179.99,GET,http://programma.greatwideopen.nl/thumbs/240x180/2015-06/image002.jpg,1439317617,
b2e072,82.161.179.99,GET,http://programma.greatwideopen.nl/thumbs/240x180/2015-07/observatory-of-the-self-3.1.jpg,1439317618,
ae6be6,82.161.179.99,GET,http://programma.greatwideopen.nl/thumbs/240x180/2015-05/los-piranas.jpg,1439317618,
cfb42d,82.161.179.99,GET,http://programma.greatwideopen.nl/thumbs/240x180/2015-06/my-baby-press-xxs.jpg,1439317618,
32e7df,82.161.179.99,GET,http://programma.greatwideopen.nl/thumbs/240x180/2015-07/bewilder-2015b-credit-remco-brinkhuis-lowres.jpg,1439317619,
62585c,82.161.179.99,GET,http://programma.greatwideopen.nl/thumbs/240x180/2015-07/26.jpg,1439317619,
84fbe2,82.161.179.99,GET,http://programma.greatwideopen.nl/thumbs/240x180/2015-07/bruut-max-baggerman1-color-xl.jpg,1439317619,
4e2c84,82.161.179.99,GET,http://programma.greatwideopen.nl/thumbs/240x180/2015-07/1438287620_afterpartees-by-nick-helderman.jpg,1439317620,
edea10,82.161.179.99,GET,http://programma.greatwideopen.nl/thumbs/240x180/2015-05/wand-meghan-tryon1.jpeg,1439317620,
4e0127,82.161.179.99,GET,http://programma.greatwideopen.nl/thumbs/240x180/2015-07/afterpartees-by-nick-helderman.jpg,1439317621,
6fd795,82.161.179.99,GET,http://programma.greatwideopen.nl/thumbs/240x180/2015-04/la-sra-tomasa.jpg,1439317621,
ddfa1b,82.161.179.99,GET,http://programma.greatwideopen.nl/thumbs/240x180/2015-05/jake-isaac.jpg,1439317622,
63542c,82.161.179.99,GET,http://programma.greatwideopen.nl/thumbs/240x180/2015-05/antal-hunee.jpg,1439317623,
ff5b7a,82.161.179.99,GET,http://programma.greatwideopen.nl/thumbs/240x180/2015-04/vv-et-am-band-by-gabriela-gonzales-lores.jpg,1439317624,
753378,82.161.179.99,GET,http://programma.greatwideopen.nl/thumbs/240x180/2015-05/kevinmorby.jpeg,1439317624,
4afaf6,82.161.179.99,GET,http://programma.greatwideopen.nl/thumbs/240x180/2015-06/h-los.png,1439317625,
775d4a,82.161.179.99,GET,http://programma.greatwideopen.nl/thumbs/240x180/2015-07/jackgarratt.jpg,1439317625,
f003e5,82.161.179.99,GET,http://programma.greatwideopen.nl/thumbs/240x180/2015-08/hangout-foto-door-jonathan-vos.jpg,1439317625,
2bdc06,82.161.179.99,GET,http://programma.greatwideopen.nl/thumbs/240x180/2015-06/girlband.jpg,1439317625,
08f53f,82.161.179.99,GET,http://programma.greatwideopen.nl/thumbs/240x180/2015-08/cinevan1.jpg,1439317626,
a86fd4,82.161.179.99,GET,http://programma.greatwideopen.nl/thumbs/240x180/2015-04/gallowstreet.jpg,1439317626,
1fb2c0,82.161.179.99,GET,http://programma.greatwideopen.nl/thumbs/240x180/2015-05/drinks-2-cara-robbins-.jpg,1439317627,
6afd22,82.161.179.99,GET,http://programma.greatwideopen.nl/thumbs/240x180/2015-05/dorian-concept.jpg,1439317627,
cb4ace,82.161.179.99,GET,http://programma.greatwideopen.nl/thumbs/240x180/2015-05/con-brio-press-photo-ziek-lo-res.jpg,1439317628,
dbd28f,82.161.179.99,GET,http://programma.greatwideopen.nl/thumbs/240x180/2015-05/ewert-and-the-two-dragons-by-mart-vares.jpg,1439317631,
508448,82.161.179.99,GET,http://programma.greatwideopen.nl/thumbs/240x180/2015-06/elias.jpeg,1439317632,
036d12,82.161.179.99,GET,http://programma.greatwideopen.nl/json/programmaonderdelen/1751,1439318418,
1c58a3,82.161.179.99,GET,http://programma.greatwideopen.nl/favicon.ico,1439318421,
213930,127.0.0.1,GET,http://programma.greatwideopen.nl/async/dashboardnews,1439362605,e58a6e
752ec3,127.0.0.1,GET,http://programma.greatwideopen.nl/async/latestactivity,1439362605,e58a6e
e58a6e,185.41.37.28,GET,http://programma.greatwideopen.nl/beheer,1439362605,
042867,185.41.37.28,GET,http://programma.greatwideopen.nl/beheer/dbcheck,1439362618,
b54e40,185.41.37.28,GET,http://programma.greatwideopen.nl/beheer/file/edit/config/contenttypes.yml,1439362628,
627b54,127.0.0.1,GET,http://programma.greatwideopen.nl/async/dashboardnews,1439398136,d004dd
c15b3c,127.0.0.1,GET,http://programma.greatwideopen.nl/async/latestactivity,1439398136,d004dd
d004dd,185.41.37.28,GET,http://programma.greatwideopen.nl/beheer,1439398136,
588ae7,185.41.37.28,GET,http://programma.greatwideopen.nl/thumbs/54x41c/2015-08/1439368706_itgwo-bier-eilander-low-res.png,1439398137,
6af429,127.0.0.1,GET,http://programma.greatwideopen.nl/async/lastmodified/speeltijden,1439398140,64bca1
64bca1,185.41.37.28,GET,http://programma.greatwideopen.nl/beheer/overview/speeltijden,1439398140,
7481e7,127.0.0.1,GET,http://programma.greatwideopen.nl/async/lastmodified/speeltijden,1439398145,27716a
27716a,185.41.37.28,GET,http://programma.greatwideopen.nl/beheer/overview/speeltijden?filter=talma,1439398145,
6e7e90,127.0.0.1,GET,http://programma.greatwideopen.nl/async/lastmodified/speeltijden,1439398148,206f1b
e5cef3,127.0.0.1,GET,http://programma.greatwideopen.nl/async/showstack?items=10,1439398148,206f1b
206f1b,185.41.37.28,GET,http://programma.greatwideopen.nl/beheer/editcontent/speeltijden/1829,1439398148,
4137b8,185.41.37.28,GET,http://programma.greatwideopen.nl/thumbs/200x150c/2015-07/1-groepsfoto-buiten-preview.jpg,1439398148,
d9804f,185.41.37.28,GET,http://programma.greatwideopen.nl/async/makeuri?contenttypeslug=speeltijden&fulluri=false&id=1829&slugfield=slug&title=meindert-talma,1439398164,
4edcf2,185.41.37.28,POST,http://programma.greatwideopen.nl/beheer/editcontent/speeltijden/1829?returnto=ajax,1439398165,
3e07d7,185.41.37.28,POST,http://programma.greatwideopen.nl/beheer/editcontent/speeltijden/1829?returnto=ajax,1439398220,
4d1823,127.0.0.1,GET,http://programma.greatwideopen.nl/async/lastmodified/speeltijden,1439398618,d95849
d95849,185.41.37.28,GET,http://programma.greatwideopen.nl/beheer/overview/speeltijden,1439398618,
6d6f5e,127.0.0.1,GET,http://programma.greatwideopen.nl/async/lastmodified/speeltijden,1439398626,78acc1
78acc1,185.41.37.28,GET,http://programma.greatwideopen.nl/beheer/overview/speeltijden?filter=bombay,1439398626,
0aba03,185.41.37.28,GET,http://programma.greatwideopen.nl/thumbs/80x60c/2013-03/bombayshowpig_anna_van_kooij.jpg,1439398627,
1e477f,127.0.0.1,GET,http://programma.greatwideopen.nl/async/lastmodified/speeltijden,1439398638,055232
e3e4ed,127.0.0.1,GET,http://programma.greatwideopen.nl/async/showstack?items=10,1439398638,055232
055232,185.41.37.28,GET,http://programma.greatwideopen.nl/beheer/editcontent/speeltijden/1809,1439398638,
72c2d6,185.41.37.28,GET,http://programma.greatwideopen.nl/thumbs/200x150c/2015-06/1435155579_vampyr31.jpg,1439398639,
c7758c,127.0.0.1,GET,http://programma.greatwideopen.nl/async/lastmodified/programmaonderdelen,1439398650,7b0611
7b0611,185.41.37.28,GET,http://programma.greatwideopen.nl/beheer/overview/programmaonderdelen,1439398650,
605d68,127.0.0.1,GET,http://programma.greatwideopen.nl/async/lastmodified/programmaonderdelen,1439398655,7c3fa3
7c3fa3,185.41.37.28,GET,http://programma.greatwideopen.nl/beheer/overview/programmaonderdelen?filter=bombay&taxonomy-programmatypen=,1439398655,
44d3b7,127.0.0.1,GET,http://programma.greatwideopen.nl/async/lastmodified/programmaonderdelen,1439398659,b5dcef
906f86,127.0.0.1,GET,http://programma.greatwideopen.nl/async/showstack?items=10,1439398659,b5dcef
b5dcef,185.41.37.28,GET,http://programma.greatwideopen.nl/beheer/editcontent/programmaonderdelen/1781,1439398659,
acb0f8,185.41.37.28,GET,http://programma.greatwideopen.nl/async/populartags/tags?limit=40,1439398660,
a919f3,185.41.37.28,GET,http://programma.greatwideopen.nl/async/tags/tags,1439398660,
663654,185.41.37.28,POST,http://programma.greatwideopen.nl/beheer/editcontent/speeltijden/1809?returnto=ajax,1439398687,
777f77,185.41.37.28,GET,http://programma.greatwideopen.nl/thumbs/240x180/2015-05/1432225114_md-boots-40.jpeg,1439399266,
9970da,185.41.37.28,GET,http://programma.greatwideopen.nl/thumbs/240x180/2015-07/1438287420_dj-itgwo.jpg,1439399266,
119c49,185.41.37.28,GET,http://programma.greatwideopen.nl/thumbs/240x180/2015-05/persfoto-pauw-2015.jpg,1439399266,
d930e3,185.41.37.28,GET,http://programma.greatwideopen.nl/thumbs/240x180/2015-04/die-nerven-6.jpg,1439399266,
5294f0,185.41.37.28,GET,http://programma.greatwideopen.nl/thumbs/240x180/2015-04/intergalactic_lovers_2014_hi_res.jpg,1439399267,
5a5554,185.41.37.28,GET,http://programma.greatwideopen.nl/thumbs/240x180/2015-07/1438336762_dj-itgwo.jpg,1439399267,
49a63b,185.41.37.28,GET,http://programma.greatwideopen.nl/thumbs/240x180/2015-05/de-staat-door-isabelle-renate-la-poutr-2h.jpg,1439399267,
f6858f,185.41.37.28,GET,http://programma.greatwideopen.nl/thumbs/240x180/2015-07/1-groepsfoto-buiten-preview.jpg,1439399268,
b88b70,185.41.37.28,GET,http://programma.greatwideopen.nl/thumbs/240x180/2015-06/1435155579_vampyr31.jpg,1439399268,
3ea251,185.41.37.28,GET,http://programma.greatwideopen.nl/thumbs/240x180/2015-08/1438628576_541559-848907141796648-6300083572458665957-n.jpg,1439399268,
59ab64,185.41.37.28,GET,http://programma.greatwideopen.nl/thumbs/240x180/2015-06/michelle-david-fc-preview.jpg,1439399352,
11503d,185.41.37.28,GET,http://programma.greatwideopen.nl/thumbs/240x180/2015-04/zzz_irisvanvliet.jpg,1439399353,
229e81,185.41.37.28,GET,http://programma.greatwideopen.nl/thumbs/240x180/2015-08/2014-yoga-aan-zee-foto-jorn-baars-kopie.jpg,1439399353,
b67cd3,185.41.37.28,GET,http://programma.greatwideopen.nl/thumbs/240x180/2015-08/rock-n-roll-beatles.jpeg,1439399353,
f2678a,185.41.37.28,GET,http://programma.greatwideopen.nl/thumbs/240x180/2015-04/thedeslondes_elenaricci_300dpi.jpg,1439399353,
73ffbd,185.41.37.28,GET,http://programma.greatwideopen.nl/thumbs/240x180/2015-07/big-pimpin.jpg,1439399353,
84d8da,185.41.37.28,GET,http://programma.greatwideopen.nl/thumbs/240x180/2015-04/alamo_dirk_wolf_.jpg,1439399354,
c4d899,185.41.37.28,GET,http://programma.greatwideopen.nl/thumbs/240x180/2015-06/andyshauf-2015-bw1.jpg,1439399354,
c5b852,185.41.37.28,GET,http://programma.greatwideopen.nl/thumbs/240x180/2015-05/gabriel-rios-foto-michael-sewandono-studio.jpg,1439399354,
7e91aa,185.41.37.28,GET,http://programma.greatwideopen.nl/thumbs/240x180/2015-04/frazey_ford_press_photo_1.jpg,1439399354,
7d7a15,185.41.37.28,GET,http://programma.greatwideopen.nl/thumbs/240x180/2015-07/nest-izaak-zwartjes-13-09-4.nrc.jpg,1439399355,
f01714,185.41.37.28,GET,http://programma.greatwideopen.nl/thumbs/240x180/2015-04/stuff_2014_alexanderpopelier.jpg,1439399355,
1c0f89,185.41.37.28,GET,http://programma.greatwideopen.nl/thumbs/240x180/2015-05/taxiwars-kris-dewitte-10-0152.jpg,1439399355,
8fe3a5,185.41.37.28,GET,http://programma.greatwideopen.nl/thumbs/240x180/2015-05/tang-promo1press-2.jpg,1439399356,
46c30f,185.41.37.28,GET,http://programma.greatwideopen.nl/thumbs/240x180/2015-04/son_lux_press_shot_2015.jpg,1439399356,
9a63a9,185.41.37.28,GET,http://programma.greatwideopen.nl/thumbs/240x180/2015-04/sonnyandthesunsets_high_res.jpg,1439399356,
894a41,185.41.37.28,GET,http://programma.greatwideopen.nl/thumbs/240x180/2015-04/ryleywalker-press-12copy.jpg,1439399356,
c9ddbc,185.41.37.28,GET,http://programma.greatwideopen.nl/thumbs/240x180/2015-07/smutfish.jpg,1439399357,
aced68,185.41.37.28,GET,http://programma.greatwideopen.nl/thumbs/240x180/2015-04/polar-bear-by-jacek-zmarz-11.jpg,1439399357,
b9cdab,185.41.37.28,GET,http://programma.greatwideopen.nl/thumbs/240x180/2015-04/img-0661.jpg,1439399357,
90f6b4,185.41.37.28,GET,http://programma.greatwideopen.nl/thumbs/240x180/2015-06/oscar-new-press-2015.jpg,1439399357,
eddf4b,185.41.37.28,GET,http://programma.greatwideopen.nl/thumbs/240x180/2015-04/patrick-watson.jpg,1439399358,
c8baa1,185.41.37.28,GET,http://programma.greatwideopen.nl/thumbs/240x180/2015-05/maartenvos-press1-preview.jpg,1439399358,
a56b37,185.41.37.28,GET,http://programma.greatwideopen.nl/thumbs/240x180/2015-04/oddisee-ilu-0068-web.jpg,1439399358,
f405e0,185.41.37.28,GET,http://programma.greatwideopen.nl/thumbs/240x180/2015-04/kennyb.jpg,1439399358,
20d1c6,185.41.37.28,GET,http://programma.greatwideopen.nl/thumbs/240x180/2015-04/curtisharding_byhedislimane.jpg,1439399359,
eaecd1,185.41.37.28,GET,http://programma.greatwideopen.nl/thumbs/240x180/2015-05/jcc-2.jpg,1439399359,
5e2aac,185.41.37.28,GET,http://programma.greatwideopen.nl/thumbs/240x180/2015-06/leonbridges-london-sbe-rgb.jpg,1439399359,
c8630e,185.41.37.28,GET,http://programma.greatwideopen.nl/thumbs/240x180/2015-06/theafterveins-press.jpg,1439399359,
7ac94b,185.41.37.28,GET,http://programma.greatwideopen.nl/thumbs/240x180/2015-04/touristlemc.jpg,1439399360,
bd1bd8,185.41.37.28,GET,http://programma.greatwideopen.nl/thumbs/240x180/2015-08/itgwo-2014-45.jpg,1439399360,
d6177c,185.41.37.28,GET,http://programma.greatwideopen.nl/thumbs/240x180/2015-06/oscar-and-the-wolf-photo-by-marie-wynants.jpg,1439399730,
cbf91d,185.41.37.28,GET,http://programma.greatwideopen.nl/thumbs/240x180/2015-08/theunis-piersma-volgens-nederland-pb.jpg,1439399730,
8ab562,185.41.37.28,GET,http://programma.greatwideopen.nl/thumbs/240x180/2015-05/torres-foto-by-shawn-brackbill.jpg,1439399730,
90cef8,185.41.37.28,GET,http://programma.greatwideopen.nl/thumbs/240x180/2015-04/undertones_col_highres.jpg,1439399731,
27141e,185.41.37.28,GET,http://programma.greatwideopen.nl/thumbs/240x180/2015-07/dazzledsticks-irfaner-topbillin.jpeg,1439399731,
af7a12,185.41.37.28,GET,http://programma.greatwideopen.nl/thumbs/240x180/2015-04/ought_brett_davis.jpg,1439399731,
fb95bf,185.41.37.28,GET,http://programma.greatwideopen.nl/thumbs/240x180/2015-04/baba-zula-big.jpg,1439399731,
b5d0e7,185.41.37.28,GET,http://programma.greatwideopen.nl/thumbs/240x180/2015-06/fresku1.jpg,1439399732,
29f555,185.41.37.28,GET,http://programma.greatwideopen.nl/thumbs/240x180/2015-04/kapok-jump-uitsnede.jpg,1439399732,
0e8ba3,185.41.37.28,GET,http://programma.greatwideopen.nl/thumbs/240x180/2015-04/332-990-660-crop-imagetool-1280-640-0-123.jpg,1439399732,
51f2a8,185.41.37.28,GET,http://programma.greatwideopen.nl/thumbs/240x180/2015-04/awa_new_image_2015.jpg,1439399733,
095f83,185.41.37.28,GET,http://programma.greatwideopen.nl/thumbs/240x180/2015-07/1438287352_dj-itgwo.jpg,1439399735,
fb3c73,185.41.37.28,GET,http://programma.greatwideopen.nl/thumbs/240x180/2015-05/jacco-gardner.jpg,1439399735,
c057ac,185.41.37.28,GET,http://programma.greatwideopen.nl/thumbs/240x180/2015-07/dj-itgwo.jpg,1439399736,
a14018,127.0.0.1,GET,http://programma.greatwideopen.nl/async/dashboardnews,1439563974,ca3cc7
07a2a5,127.0.0.1,GET,http://programma.greatwideopen.nl/async/latestactivity,1439563974,ca3cc7
ca3cc7,185.41.37.28,GET,http://programma.greatwideopen.nl/beheer,1439563974,
da1318,185.41.37.28,GET,http://programma.greatwideopen.nl/thumbs/54x41c/2015-04/patrick-watson.jpg,1439563975,
72beb3,185.41.37.28,GET,http://programma.greatwideopen.nl/thumbs/54x41c/2015-08/1439563897_image1-1-.jpeg,1439563976,
a8cab9,185.41.37.28,GET,http://programma.greatwideopen.nl/async/latestactivity,1439564007,
3cdad9,185.41.37.28,GET,http://programma.greatwideopen.nl/async/latestactivity,1439564038,
d24f19,185.41.37.28,GET,http://programma.greatwideopen.nl/async/latestactivity,1439564069,
bf0e57,185.41.37.28,GET,http://programma.greatwideopen.nl/async/latestactivity,1439564100,
df0548,185.41.37.28,GET,http://programma.greatwideopen.nl/async/latestactivity,1439564131,
c03212,185.41.37.28,GET,http://programma.greatwideopen.nl/beheer/file/edit/config/contenttypes.yml,1439564161,
b7b191,185.41.37.28,GET,http://programma.greatwideopen.nl/async/latestactivity,1439564162,
